id,familyid,styleid,inserttime,validfrom,validto,sourceid
INT,INT,INT,TIMESTAMP,TIMESTAMP,TIMESTAMP,INT
1,22,1,2017-06-15 16:11:24,2017-06-15 20:11:24,NULL,2
2,22,2,2017-06-15 16:11:28,2017-06-15 20:11:27,NULL,2
3,22,3,2017-06-15 16:11:31,2017-06-15 20:11:30,NULL,2
4,22,4,2017-06-15 16:11:34,2017-06-15 20:11:33,NULL,2
5,22,5,2017-06-15 16:11:37,2017-06-15 20:11:37,NULL,2
6,22,6,2017-06-15 16:11:40,2017-06-15 20:11:40,NULL,2
7,21,7,2017-06-15 16:11:44,2017-06-15 20:11:43,NULL,2
8,21,8,2017-06-15 16:11:47,2017-06-15 20:11:47,NULL,2
9,21,9,2017-06-15 16:11:50,2017-06-15 20:11:50,NULL,2
10,21,10,2017-06-15 16:11:54,2017-06-15 20:11:53,NULL,2
11,20,11,2017-06-15 16:11:57,2017-06-15 20:11:56,NULL,2
12,20,12,2017-06-15 16:12:00,2017-06-15 20:11:59,NULL,2
13,20,13,2017-06-15 16:12:03,2017-06-15 20:12:03,NULL,2
14,20,14,2017-06-15 16:12:06,2017-06-15 20:12:06,NULL,2
15,20,15,2017-06-15 16:12:09,2017-06-15 20:12:09,NULL,2
16,20,16,2017-06-15 16:12:13,2017-06-15 20:12:12,NULL,2
17,20,17,2017-06-15 16:12:16,2017-06-15 20:12:15,NULL,2
18,20,18,2017-06-15 16:12:19,2017-06-15 20:12:18,NULL,2
19,20,19,2017-06-15 16:12:22,2017-06-15 20:12:22,NULL,2
20,20,20,2017-06-15 16:12:25,2017-06-15 20:12:25,NULL,2
21,20,21,2017-06-15 16:12:29,2017-06-15 20:12:28,NULL,2
22,20,22,2017-06-15 16:12:32,2017-06-15 20:12:31,NULL,2
23,20,23,2017-06-15 16:12:35,2017-06-15 20:12:34,NULL,2
24,20,24,2017-06-15 16:12:38,2017-06-15 20:12:38,NULL,2
25,19,25,2017-06-15 16:12:41,2017-06-15 20:12:41,NULL,2
26,19,26,2017-06-15 16:12:44,2017-06-15 20:12:44,NULL,2
27,19,27,2017-06-15 16:12:48,2017-06-15 20:12:47,NULL,2
28,19,28,2017-06-15 16:12:51,2017-06-15 20:12:50,NULL,2
29,19,29,2017-06-15 16:12:54,2017-06-15 20:12:53,NULL,2
30,19,30,2017-06-15 16:12:57,2017-06-15 20:12:57,NULL,2
31,19,31,2017-06-15 16:13:00,2017-06-15 20:13:00,NULL,2
32,19,32,2017-06-15 16:13:03,2017-06-15 20:13:03,NULL,2
33,19,33,2017-06-15 16:13:07,2017-06-15 20:13:06,NULL,2
34,19,34,2017-06-15 16:13:10,2017-06-15 20:13:09,NULL,2
35,19,35,2017-06-15 16:13:13,2017-06-15 20:13:12,NULL,2
36,19,36,2017-06-15 16:13:16,2017-06-15 20:13:16,NULL,2
37,19,37,2017-06-15 16:13:19,2017-06-15 20:13:19,NULL,2
38,19,38,2017-06-15 16:13:23,2017-06-15 20:13:22,NULL,2
39,19,39,2017-06-15 16:13:26,2017-06-15 20:13:25,NULL,2
40,19,40,2017-06-15 16:13:29,2017-06-15 20:13:28,NULL,2
41,19,41,2017-06-15 16:13:32,2017-06-15 20:13:32,NULL,2
42,19,42,2017-06-15 16:13:35,2017-06-15 20:13:35,NULL,2
43,19,43,2017-06-15 16:13:38,2017-06-15 20:13:38,NULL,2
44,19,44,2017-06-15 16:13:42,2017-06-15 20:13:41,NULL,2
45,19,45,2017-06-15 16:13:45,2017-06-15 20:13:44,NULL,2
46,19,46,2017-06-15 16:13:48,2017-06-15 20:13:47,NULL,2
47,19,47,2017-06-15 16:13:51,2017-06-15 20:13:51,NULL,2
48,19,48,2017-06-15 16:13:54,2017-06-15 20:13:54,NULL,2
49,19,49,2017-06-15 16:13:57,2017-06-15 20:13:57,NULL,2
50,19,50,2017-06-15 16:14:01,2017-06-15 20:14:00,NULL,2
51,19,51,2017-06-15 16:14:04,2017-06-15 20:14:03,NULL,2
52,19,52,2017-06-15 16:14:07,2017-06-15 20:14:06,NULL,2
53,18,53,2017-06-15 16:14:10,2017-06-15 20:14:10,NULL,2
54,18,54,2017-06-15 16:14:13,2017-06-15 20:14:13,NULL,2
55,18,55,2017-06-15 16:14:17,2017-06-15 20:14:16,NULL,2
56,18,56,2017-06-15 16:14:20,2017-06-15 20:14:19,NULL,2
57,18,57,2017-06-15 16:14:23,2017-06-15 20:14:22,NULL,2
58,18,58,2017-06-15 16:14:26,2017-06-15 20:14:26,NULL,2
59,18,59,2017-06-15 16:14:29,2017-06-15 20:14:29,NULL,2
60,18,60,2017-06-15 16:14:33,2017-06-15 20:14:32,NULL,2
61,18,61,2017-06-15 16:14:36,2017-06-15 20:14:35,NULL,2
62,18,62,2017-06-15 16:14:39,2017-06-15 20:14:38,NULL,2
63,18,63,2017-06-15 16:14:42,2017-06-15 20:14:42,NULL,2
64,18,64,2017-06-15 16:14:45,2017-06-15 20:14:45,NULL,2
65,18,65,2017-06-15 16:14:48,2017-06-15 20:14:48,NULL,2
66,18,66,2017-06-15 16:14:52,2017-06-15 20:14:51,NULL,2
67,18,67,2017-06-15 16:14:55,2017-06-15 20:14:54,NULL,2
68,18,68,2017-06-15 16:14:58,2017-06-15 20:14:58,NULL,2
69,18,69,2017-06-15 16:15:01,2017-06-15 20:15:01,NULL,2
70,18,70,2017-06-15 16:15:04,2017-06-15 20:15:04,NULL,2
71,18,71,2017-06-15 16:15:08,2017-06-15 20:15:07,NULL,2
72,18,72,2017-06-15 16:15:11,2017-06-15 20:15:10,NULL,2
73,18,73,2017-06-15 16:15:14,2017-06-15 20:15:13,NULL,2
74,18,74,2017-06-15 16:15:17,2017-06-15 20:15:17,NULL,2
75,18,75,2017-06-15 16:15:20,2017-06-15 20:15:20,NULL,2
76,18,76,2017-06-15 16:15:24,2017-06-15 20:15:23,NULL,2
77,18,77,2017-06-15 16:15:27,2017-06-15 20:15:26,NULL,2
78,18,78,2017-06-15 16:15:30,2017-06-15 20:15:30,NULL,2
79,16,79,2017-06-15 16:15:33,2017-06-15 20:15:33,NULL,2
80,16,80,2017-06-15 16:15:36,2017-06-15 20:15:36,NULL,2
81,16,81,2017-06-15 16:15:39,2017-06-15 20:15:39,NULL,2
82,16,82,2017-06-15 16:15:43,2017-06-15 20:15:42,NULL,2
83,16,83,2017-06-15 16:15:46,2017-06-15 20:15:45,NULL,2
84,16,84,2017-06-15 16:15:49,2017-06-15 20:15:48,NULL,2
85,16,85,2017-06-15 16:15:52,2017-06-15 20:15:52,NULL,2
86,15,86,2017-06-15 16:15:55,2017-06-15 20:15:55,NULL,2
87,15,87,2017-06-15 16:15:59,2017-06-15 20:15:58,NULL,2
88,15,88,2017-06-15 16:16:02,2017-06-15 20:16:01,NULL,2
89,15,89,2017-06-15 16:16:05,2017-06-15 20:16:04,NULL,2
90,15,90,2017-06-15 16:16:08,2017-06-15 20:16:08,NULL,2
91,15,91,2017-06-15 16:16:11,2017-06-15 20:16:11,NULL,2
92,15,92,2017-06-15 16:16:14,2017-06-15 20:16:14,NULL,2
93,15,93,2017-06-15 16:16:18,2017-06-15 20:16:17,NULL,2
94,15,94,2017-06-15 16:16:21,2017-06-15 20:16:20,NULL,2
95,15,17,2017-06-15 16:16:24,2017-06-15 20:16:23,NULL,2
96,15,95,2017-06-15 16:16:27,2017-06-15 20:16:26,NULL,2
97,15,96,2017-06-15 16:16:30,2017-06-15 20:16:30,NULL,2
98,15,97,2017-06-15 16:16:33,2017-06-15 20:16:33,NULL,2
99,15,98,2017-06-15 16:16:37,2017-06-15 20:16:36,NULL,2
100,15,99,2017-06-15 16:16:40,2017-06-15 20:16:39,NULL,2
101,15,100,2017-06-15 16:16:43,2017-06-15 20:16:42,NULL,2
102,15,101,2017-06-15 16:16:46,2017-06-15 20:16:46,NULL,2
103,15,102,2017-06-15 16:16:49,2017-06-15 20:16:49,NULL,2
104,15,103,2017-06-15 16:16:53,2017-06-15 20:16:52,NULL,2
105,15,104,2017-06-15 16:16:56,2017-06-15 20:16:55,NULL,2
106,15,105,2017-06-15 16:16:59,2017-06-15 20:16:58,NULL,2
107,15,106,2017-06-15 16:17:02,2017-06-15 20:17:02,NULL,2
108,15,107,2017-06-15 16:17:05,2017-06-15 20:17:05,NULL,2
109,15,108,2017-06-15 16:17:09,2017-06-15 20:17:08,NULL,2
110,15,109,2017-06-15 16:17:12,2017-06-15 20:17:11,NULL,2
111,15,110,2017-06-15 16:17:15,2017-06-15 20:17:14,NULL,2
112,15,111,2017-06-15 16:17:18,2017-06-15 20:17:18,NULL,2
113,15,112,2017-06-15 16:17:21,2017-06-15 20:17:21,NULL,2
114,15,113,2017-06-15 16:17:24,2017-06-15 20:17:24,NULL,2
115,15,114,2017-06-15 16:17:28,2017-06-15 20:17:27,NULL,2
116,15,115,2017-06-15 16:17:31,2017-06-15 20:17:30,NULL,2
117,15,116,2017-06-15 16:17:34,2017-06-15 20:17:33,NULL,2
118,15,117,2017-06-15 16:17:37,2017-06-15 20:17:37,NULL,2
119,15,118,2017-06-15 16:17:40,2017-06-15 20:17:40,NULL,2
120,15,119,2017-06-15 16:17:44,2017-06-15 20:17:43,NULL,2
121,15,120,2017-06-15 16:17:47,2017-06-15 20:17:46,NULL,2
122,15,121,2017-06-15 16:17:50,2017-06-15 20:17:49,NULL,2
123,15,122,2017-06-15 16:17:53,2017-06-15 20:17:53,NULL,2
124,15,123,2017-06-15 16:17:56,2017-06-15 20:17:56,NULL,2
125,15,124,2017-06-15 16:17:59,2017-06-15 20:17:59,NULL,2
126,15,125,2017-06-15 16:18:03,2017-06-15 20:18:02,NULL,2
127,15,126,2017-06-15 16:18:06,2017-06-15 20:18:05,NULL,2
128,15,127,2017-06-15 16:18:09,2017-06-15 20:18:08,NULL,2
129,15,128,2017-06-15 16:18:12,2017-06-15 20:18:12,NULL,2
130,15,129,2017-06-15 16:18:15,2017-06-15 20:18:15,NULL,2
131,15,130,2017-06-15 16:18:18,2017-06-15 20:18:18,NULL,2
132,15,131,2017-06-15 16:18:22,2017-06-15 20:18:21,NULL,2
133,15,132,2017-06-15 16:18:25,2017-06-15 20:18:24,NULL,2
134,15,133,2017-06-15 16:18:28,2017-06-15 20:18:27,NULL,2
135,15,134,2017-06-15 16:18:31,2017-06-15 20:18:31,NULL,2
136,15,135,2017-06-15 16:18:34,2017-06-15 20:18:34,NULL,2
137,15,136,2017-06-15 16:18:37,2017-06-15 20:18:37,NULL,2
138,15,137,2017-06-15 16:18:41,2017-06-15 20:18:40,NULL,2
139,15,138,2017-06-15 16:18:44,2017-06-15 20:18:43,NULL,2
140,15,139,2017-06-15 16:18:47,2017-06-15 20:18:46,NULL,2
141,15,140,2017-06-15 16:18:50,2017-06-15 20:18:50,NULL,2
142,15,141,2017-06-15 16:18:53,2017-06-15 20:18:53,NULL,2
143,15,142,2017-06-15 16:18:57,2017-06-15 20:18:56,NULL,2
144,15,143,2017-06-15 16:19:00,2017-06-15 20:18:59,NULL,2
145,15,144,2017-06-15 16:19:03,2017-06-15 20:19:02,NULL,2
146,15,145,2017-06-15 16:19:06,2017-06-15 20:19:05,NULL,2
147,15,146,2017-06-15 16:19:09,2017-06-15 20:19:09,NULL,2
148,15,147,2017-06-15 16:19:12,2017-06-15 20:19:12,NULL,2
149,15,148,2017-06-15 16:19:16,2017-06-15 20:19:15,NULL,2
150,15,149,2017-06-15 16:19:19,2017-06-15 20:19:18,NULL,2
151,15,150,2017-06-15 16:19:22,2017-06-15 20:19:21,NULL,2
152,15,151,2017-06-15 16:19:25,2017-06-15 20:19:24,NULL,2
153,15,152,2017-06-15 16:19:28,2017-06-15 20:19:28,NULL,2
154,15,153,2017-06-15 16:19:31,2017-06-15 20:19:31,NULL,2
155,15,154,2017-06-15 16:19:35,2017-06-15 20:19:34,NULL,2
156,15,155,2017-06-15 16:19:38,2017-06-15 20:19:37,NULL,2
157,15,156,2017-06-15 16:19:41,2017-06-15 20:19:40,NULL,2
158,15,157,2017-06-15 16:19:44,2017-06-15 20:19:44,NULL,2
159,15,158,2017-06-15 16:19:47,2017-06-15 20:19:47,NULL,2
160,15,159,2017-06-15 16:19:51,2017-06-15 20:19:50,NULL,2
161,15,160,2017-06-15 16:19:54,2017-06-15 20:19:53,NULL,2
162,15,161,2017-06-15 16:19:57,2017-06-15 20:19:56,NULL,2
163,15,162,2017-06-15 16:20:00,2017-06-15 20:20:00,NULL,2
164,15,163,2017-06-15 16:20:03,2017-06-15 20:20:03,NULL,2
165,15,164,2017-06-15 16:20:06,2017-06-15 20:20:06,NULL,2
166,15,165,2017-06-15 16:20:10,2017-06-15 20:20:09,NULL,2
167,15,166,2017-06-15 16:20:13,2017-06-15 20:20:12,NULL,2
168,15,167,2017-06-15 16:20:16,2017-06-15 20:20:16,NULL,2
169,15,168,2017-06-15 16:20:19,2017-06-15 20:20:19,NULL,2
170,15,169,2017-06-15 16:20:22,2017-06-15 20:20:22,NULL,2
171,15,170,2017-06-15 16:20:26,2017-06-15 20:20:25,NULL,2
172,15,171,2017-06-15 16:20:29,2017-06-15 20:20:28,NULL,2
173,15,172,2017-06-15 16:20:32,2017-06-15 20:20:31,NULL,2
174,15,173,2017-06-15 16:20:35,2017-06-15 20:20:35,NULL,2
175,15,174,2017-06-15 16:20:38,2017-06-15 20:20:38,NULL,2
176,15,175,2017-06-15 16:20:41,2017-06-15 20:20:41,NULL,2
177,15,176,2017-06-15 16:20:45,2017-06-15 20:20:44,NULL,2
178,15,177,2017-06-15 16:20:48,2017-06-15 20:20:47,NULL,2
179,15,178,2017-06-15 16:20:51,2017-06-15 20:20:50,NULL,2
180,15,179,2017-06-15 16:20:54,2017-06-15 20:20:54,NULL,2
181,15,180,2017-06-15 16:20:57,2017-06-15 20:20:57,NULL,2
182,15,181,2017-06-15 16:21:00,2017-06-15 20:21:00,NULL,2
183,15,182,2017-06-15 16:21:04,2017-06-15 20:21:03,NULL,2
184,15,183,2017-06-15 16:21:07,2017-06-15 20:21:06,NULL,2
185,15,184,2017-06-15 16:21:10,2017-06-15 20:21:09,NULL,2
186,15,185,2017-06-15 16:21:13,2017-06-15 20:21:13,NULL,2
187,15,186,2017-06-15 16:21:16,2017-06-15 20:21:16,NULL,2
188,15,187,2017-06-15 16:21:20,2017-06-15 20:21:19,NULL,2
189,14,86,2017-06-15 16:21:23,2017-06-15 20:21:22,NULL,2
190,14,89,2017-06-15 16:21:26,2017-06-15 20:21:25,NULL,2
191,14,188,2017-06-15 16:21:29,2017-06-15 20:21:28,NULL,2
192,14,189,2017-06-15 16:21:32,2017-06-15 20:21:31,NULL,2
193,14,93,2017-06-15 16:21:35,2017-06-15 20:21:34,NULL,2
194,14,94,2017-06-15 16:21:38,2017-06-15 20:21:37,NULL,2
195,14,190,2017-06-15 16:21:41,2017-06-15 20:21:41,NULL,2
196,14,191,2017-06-15 16:21:44,2017-06-15 20:21:44,NULL,2
197,14,192,2017-06-15 16:21:48,2017-06-15 20:21:47,NULL,2
198,14,96,2017-06-15 16:21:51,2017-06-15 20:21:50,NULL,2
199,14,98,2017-06-15 16:21:54,2017-06-15 20:21:53,NULL,2
200,14,99,2017-06-15 16:21:57,2017-06-15 20:21:56,NULL,2
201,14,193,2017-06-15 16:22:00,2017-06-15 20:21:59,NULL,2
202,14,194,2017-06-15 16:22:03,2017-06-15 20:22:02,NULL,2
203,14,101,2017-06-15 16:22:06,2017-06-15 20:22:05,NULL,2
204,14,102,2017-06-15 16:22:09,2017-06-15 20:22:08,NULL,2
205,14,103,2017-06-15 16:22:12,2017-06-15 20:22:12,NULL,2
206,14,195,2017-06-15 16:22:15,2017-06-15 20:22:15,NULL,2
207,14,196,2017-06-15 16:22:18,2017-06-15 20:22:18,NULL,2
208,14,108,2017-06-15 16:22:21,2017-06-15 20:22:21,NULL,2
209,14,110,2017-06-15 16:22:25,2017-06-15 20:22:24,NULL,2
210,14,197,2017-06-15 16:22:28,2017-06-15 20:22:27,NULL,2
211,14,111,2017-06-15 16:22:31,2017-06-15 20:22:30,NULL,2
212,14,112,2017-06-15 16:22:34,2017-06-15 20:22:33,NULL,2
213,14,115,2017-06-15 16:22:37,2017-06-15 20:22:36,NULL,2
214,14,198,2017-06-15 16:22:40,2017-06-15 20:22:40,NULL,2
215,14,123,2017-06-15 16:22:43,2017-06-15 20:22:43,NULL,2
216,14,124,2017-06-15 16:22:46,2017-06-15 20:22:46,NULL,2
217,14,199,2017-06-15 16:22:49,2017-06-15 20:22:49,NULL,2
218,14,126,2017-06-15 16:22:52,2017-06-15 20:22:52,NULL,2
219,14,131,2017-06-15 16:22:56,2017-06-15 20:22:55,NULL,2
220,14,132,2017-06-15 16:22:59,2017-06-15 20:22:59,NULL,2
221,14,133,2017-06-15 16:23:03,2017-06-15 20:23:02,NULL,2
222,14,141,2017-06-15 16:23:06,2017-06-15 20:23:05,NULL,2
223,14,144,2017-06-15 16:23:09,2017-06-15 20:23:08,NULL,2
224,14,145,2017-06-15 16:23:12,2017-06-15 20:23:11,NULL,2
225,14,149,2017-06-15 16:23:15,2017-06-15 20:23:14,NULL,2
226,14,151,2017-06-15 16:23:18,2017-06-15 20:23:17,NULL,2
227,14,156,2017-06-15 16:23:21,2017-06-15 20:23:20,NULL,2
228,14,157,2017-06-15 16:23:24,2017-06-15 20:23:23,NULL,2
229,14,166,2017-06-15 16:23:27,2017-06-15 20:23:26,NULL,2
230,14,168,2017-06-15 16:23:30,2017-06-15 20:23:29,NULL,2
231,14,200,2017-06-15 16:23:33,2017-06-15 20:23:32,NULL,2
232,14,201,2017-06-15 16:23:37,2017-06-15 20:23:36,NULL,2
233,14,202,2017-06-15 16:23:40,2017-06-15 20:23:39,NULL,2
234,14,178,2017-06-15 16:23:43,2017-06-15 20:23:42,NULL,2
235,14,179,2017-06-15 16:23:46,2017-06-15 20:23:45,NULL,2
236,14,180,2017-06-15 16:23:49,2017-06-15 20:23:48,NULL,2
237,14,186,2017-06-15 16:23:52,2017-06-15 20:23:51,NULL,2
238,14,187,2017-06-15 16:23:55,2017-06-15 20:23:54,NULL,2
239,13,203,2017-06-15 16:23:58,2017-06-15 20:23:58,NULL,2
240,13,204,2017-06-15 16:24:01,2017-06-15 20:24:01,NULL,2
241,13,205,2017-06-15 16:24:04,2017-06-15 20:24:04,NULL,2
242,13,206,2017-06-15 16:24:08,2017-06-15 20:24:07,NULL,2
243,13,207,2017-06-15 16:24:11,2017-06-15 20:24:10,NULL,2
244,13,208,2017-06-15 16:24:14,2017-06-15 20:24:14,NULL,2
245,13,209,2017-06-15 16:24:17,2017-06-15 20:24:17,NULL,2
246,13,210,2017-06-15 16:24:20,2017-06-15 20:24:20,NULL,2
247,13,211,2017-06-15 16:24:24,2017-06-15 20:24:23,NULL,2
248,13,212,2017-06-15 16:24:27,2017-06-15 20:24:26,NULL,2
249,13,213,2017-06-15 16:24:30,2017-06-15 20:24:29,NULL,2
250,13,214,2017-06-15 16:24:33,2017-06-15 20:24:33,NULL,2
251,13,215,2017-06-15 16:24:36,2017-06-15 20:24:36,NULL,2
252,13,216,2017-06-15 16:24:40,2017-06-15 20:24:39,NULL,2
253,13,217,2017-06-15 16:24:43,2017-06-15 20:24:42,NULL,2
254,13,218,2017-06-15 16:24:46,2017-06-15 20:24:45,NULL,2
255,13,219,2017-06-15 16:24:49,2017-06-15 20:24:49,NULL,2
256,13,220,2017-06-15 16:24:52,2017-06-15 20:24:52,NULL,2
257,13,221,2017-06-15 16:24:56,2017-06-15 20:24:55,NULL,2
258,13,222,2017-06-15 16:24:59,2017-06-15 20:24:58,NULL,2
259,13,223,2017-06-15 16:25:02,2017-06-15 20:25:01,NULL,2
260,13,224,2017-06-15 16:25:05,2017-06-15 20:25:04,NULL,2
261,13,88,2017-06-15 16:25:08,2017-06-15 20:25:08,NULL,2
262,13,225,2017-06-15 16:25:11,2017-06-15 20:25:11,NULL,2
263,13,226,2017-06-15 16:25:15,2017-06-15 20:25:14,NULL,2
264,13,227,2017-06-15 16:25:18,2017-06-15 20:25:17,NULL,2
265,13,188,2017-06-15 16:25:21,2017-06-15 20:25:20,NULL,2
266,13,189,2017-06-15 16:25:24,2017-06-15 20:25:23,NULL,2
267,13,228,2017-06-15 16:25:27,2017-06-15 20:25:26,NULL,2
268,13,93,2017-06-15 16:25:30,2017-06-15 20:25:30,NULL,2
269,13,94,2017-06-15 16:25:33,2017-06-15 20:25:33,NULL,2
270,13,229,2017-06-15 16:25:36,2017-06-15 20:25:36,NULL,2
271,13,190,2017-06-15 16:25:39,2017-06-15 20:25:39,NULL,2
272,13,191,2017-06-15 16:25:42,2017-06-15 20:25:42,NULL,2
273,13,230,2017-06-15 16:25:45,2017-06-15 20:25:45,NULL,2
274,13,231,2017-06-15 16:25:49,2017-06-15 20:25:48,NULL,2
275,13,95,2017-06-15 16:25:52,2017-06-15 20:25:51,NULL,2
276,13,232,2017-06-15 16:25:55,2017-06-15 20:25:54,NULL,2
277,13,233,2017-06-15 16:25:58,2017-06-15 20:25:57,NULL,2
278,13,234,2017-06-15 16:26:01,2017-06-15 20:26:01,NULL,2
279,13,235,2017-06-15 16:26:04,2017-06-15 20:26:04,NULL,2
280,13,236,2017-06-15 16:26:07,2017-06-15 20:26:07,NULL,2
281,13,237,2017-06-15 16:26:11,2017-06-15 20:26:10,NULL,2
282,13,238,2017-06-15 16:26:14,2017-06-15 20:26:13,NULL,2
283,13,239,2017-06-15 16:26:17,2017-06-15 20:26:16,NULL,2
284,13,98,2017-06-15 16:26:20,2017-06-15 20:26:19,NULL,2
285,13,99,2017-06-15 16:26:23,2017-06-15 20:26:22,NULL,2
286,13,240,2017-06-15 16:26:26,2017-06-15 20:26:26,NULL,2
287,13,241,2017-06-15 16:26:29,2017-06-15 20:26:29,NULL,2
288,13,242,2017-06-15 16:26:33,2017-06-15 20:26:32,NULL,2
289,13,243,2017-06-15 16:26:36,2017-06-15 20:26:35,NULL,2
290,13,244,2017-06-15 16:26:39,2017-06-15 20:26:38,NULL,2
291,13,245,2017-06-15 16:26:42,2017-06-15 20:26:42,NULL,2
292,13,246,2017-06-15 16:26:45,2017-06-15 20:26:45,NULL,2
293,13,247,2017-06-15 16:26:48,2017-06-15 20:26:48,NULL,2
294,13,248,2017-06-15 16:26:52,2017-06-15 20:26:51,NULL,2
295,13,249,2017-06-15 16:26:55,2017-06-15 20:26:54,NULL,2
296,13,250,2017-06-15 16:26:58,2017-06-15 20:26:57,NULL,2
297,13,251,2017-06-15 16:27:01,2017-06-15 20:27:01,NULL,2
298,13,252,2017-06-15 16:27:04,2017-06-15 20:27:04,NULL,2
299,13,253,2017-06-15 16:27:08,2017-06-15 20:27:07,NULL,2
300,13,254,2017-06-15 16:27:11,2017-06-15 20:27:10,NULL,2
301,13,255,2017-06-15 16:27:14,2017-06-15 20:27:13,NULL,2
302,13,256,2017-06-15 16:27:17,2017-06-15 20:27:17,NULL,2
303,13,257,2017-06-15 16:27:20,2017-06-15 20:27:20,NULL,2
304,13,258,2017-06-15 16:27:23,2017-06-15 20:27:23,NULL,2
305,13,259,2017-06-15 16:27:27,2017-06-15 20:27:26,NULL,2
306,13,260,2017-06-15 16:27:30,2017-06-15 20:27:29,NULL,2
307,13,261,2017-06-15 16:27:33,2017-06-15 20:27:32,NULL,2
308,13,262,2017-06-15 16:27:36,2017-06-15 20:27:36,NULL,2
309,13,263,2017-06-15 16:27:39,2017-06-15 20:27:39,NULL,2
310,13,264,2017-06-15 16:27:42,2017-06-15 20:27:42,NULL,2
311,13,265,2017-06-15 16:27:46,2017-06-15 20:27:45,NULL,2
312,13,266,2017-06-15 16:27:49,2017-06-15 20:27:48,NULL,2
313,13,267,2017-06-15 16:27:52,2017-06-15 20:27:51,NULL,2
314,13,268,2017-06-15 16:27:55,2017-06-15 20:27:55,NULL,2
315,13,269,2017-06-15 16:27:58,2017-06-15 20:27:58,NULL,2
316,13,270,2017-06-15 16:28:01,2017-06-15 20:28:01,NULL,2
317,13,103,2017-06-15 16:28:04,2017-06-15 20:28:04,NULL,2
318,13,271,2017-06-15 16:28:07,2017-06-15 20:28:07,NULL,2
319,13,272,2017-06-15 16:28:11,2017-06-15 20:28:10,NULL,2
320,13,273,2017-06-15 16:28:14,2017-06-15 20:28:13,NULL,2
321,13,274,2017-06-15 16:28:17,2017-06-15 20:28:16,NULL,2
322,13,275,2017-06-15 16:28:20,2017-06-15 20:28:19,NULL,2
323,13,276,2017-06-15 16:28:23,2017-06-15 20:28:22,NULL,2
324,13,277,2017-06-15 16:28:26,2017-06-15 20:28:26,NULL,2
325,13,278,2017-06-15 16:28:29,2017-06-15 20:28:29,NULL,2
326,13,279,2017-06-15 16:28:33,2017-06-15 20:28:32,NULL,2
327,13,280,2017-06-15 16:28:36,2017-06-15 20:28:35,NULL,2
328,13,281,2017-06-15 16:28:39,2017-06-15 20:28:39,NULL,2
329,13,282,2017-06-15 16:28:43,2017-06-15 20:28:42,NULL,2
330,13,283,2017-06-15 16:28:46,2017-06-15 20:28:45,NULL,2
331,13,284,2017-06-15 16:28:49,2017-06-15 20:28:48,NULL,2
332,13,108,2017-06-15 16:28:52,2017-06-15 20:28:52,NULL,2
333,13,285,2017-06-15 16:28:55,2017-06-15 20:28:55,NULL,2
334,13,286,2017-06-15 16:28:58,2017-06-15 20:28:58,NULL,2
335,13,287,2017-06-15 16:29:02,2017-06-15 20:29:01,NULL,2
336,13,110,2017-06-15 16:29:05,2017-06-15 20:29:04,NULL,2
337,13,288,2017-06-15 16:29:08,2017-06-15 20:29:07,NULL,2
338,13,289,2017-06-15 16:29:11,2017-06-15 20:29:10,NULL,2
339,13,197,2017-06-15 16:29:14,2017-06-15 20:29:13,NULL,2
340,13,112,2017-06-15 16:29:17,2017-06-15 20:29:16,NULL,2
341,13,290,2017-06-15 16:29:20,2017-06-15 20:29:20,NULL,2
342,13,291,2017-06-15 16:29:23,2017-06-15 20:29:23,NULL,2
343,13,292,2017-06-15 16:29:27,2017-06-15 20:29:26,NULL,2
344,13,293,2017-06-15 16:29:30,2017-06-15 20:29:29,NULL,2
345,13,294,2017-06-15 16:29:33,2017-06-15 20:29:32,NULL,2
346,13,295,2017-06-15 16:29:36,2017-06-15 20:29:36,NULL,2
347,13,296,2017-06-15 16:29:39,2017-06-15 20:29:39,NULL,2
348,13,297,2017-06-15 16:29:43,2017-06-15 20:29:42,NULL,2
349,13,298,2017-06-15 16:29:46,2017-06-15 20:29:45,NULL,2
350,13,299,2017-06-15 16:29:49,2017-06-15 20:29:48,NULL,2
351,13,300,2017-06-15 16:29:52,2017-06-15 20:29:51,NULL,2
352,13,301,2017-06-15 16:29:55,2017-06-15 20:29:55,NULL,2
353,13,302,2017-06-15 16:29:58,2017-06-15 20:29:58,NULL,2
354,13,303,2017-06-15 16:30:01,2017-06-15 20:30:01,NULL,2
355,13,304,2017-06-15 16:30:05,2017-06-15 20:30:04,NULL,2
356,13,116,2017-06-15 16:30:08,2017-06-15 20:30:07,NULL,2
357,13,198,2017-06-15 16:30:11,2017-06-15 20:30:10,NULL,2
358,13,305,2017-06-15 16:30:14,2017-06-15 20:30:13,NULL,2
359,13,306,2017-06-15 16:30:17,2017-06-15 20:30:16,NULL,2
360,13,307,2017-06-15 16:30:20,2017-06-15 20:30:19,NULL,2
361,13,308,2017-06-15 16:30:23,2017-06-15 20:30:22,NULL,2
362,13,309,2017-06-15 16:30:26,2017-06-15 20:30:26,NULL,2
363,13,310,2017-06-15 16:30:29,2017-06-15 20:30:29,NULL,2
364,13,123,2017-06-15 16:30:32,2017-06-15 20:30:32,NULL,2
365,13,124,2017-06-15 16:30:35,2017-06-15 20:30:35,NULL,2
366,13,311,2017-06-15 16:30:38,2017-06-15 20:30:38,NULL,2
367,13,312,2017-06-15 16:30:42,2017-06-15 20:30:41,NULL,2
368,13,313,2017-06-15 16:30:45,2017-06-15 20:30:44,NULL,2
369,13,314,2017-06-15 16:30:48,2017-06-15 20:30:47,NULL,2
370,13,315,2017-06-15 16:30:51,2017-06-15 20:30:51,NULL,2
371,13,316,2017-06-15 16:30:54,2017-06-15 20:30:54,NULL,2
372,13,317,2017-06-15 16:30:58,2017-06-15 20:30:57,NULL,2
373,13,318,2017-06-15 16:31:01,2017-06-15 20:31:00,NULL,2
374,13,319,2017-06-15 16:31:04,2017-06-15 20:31:03,NULL,2
375,13,320,2017-06-15 16:31:07,2017-06-15 20:31:06,NULL,2
376,13,321,2017-06-15 16:31:10,2017-06-15 20:31:10,NULL,2
377,13,322,2017-06-15 16:31:13,2017-06-15 20:31:13,NULL,2
378,13,126,2017-06-15 16:31:16,2017-06-15 20:31:16,NULL,2
379,13,323,2017-06-15 16:31:20,2017-06-15 20:31:19,NULL,2
380,13,324,2017-06-15 16:31:23,2017-06-15 20:31:22,NULL,2
381,13,325,2017-06-15 16:31:26,2017-06-15 20:31:25,NULL,2
382,13,326,2017-06-15 16:31:29,2017-06-15 20:31:29,NULL,2
383,13,327,2017-06-15 16:31:32,2017-06-15 20:31:32,NULL,2
384,13,328,2017-06-15 16:31:36,2017-06-15 20:31:35,NULL,2
385,13,131,2017-06-15 16:31:39,2017-06-15 20:31:38,NULL,2
386,13,132,2017-06-15 16:31:42,2017-06-15 20:31:41,NULL,2
387,13,329,2017-06-15 16:31:45,2017-06-15 20:31:44,NULL,2
388,13,330,2017-06-15 16:31:48,2017-06-15 20:31:47,NULL,2
389,13,331,2017-06-15 16:31:51,2017-06-15 20:31:51,NULL,2
390,13,332,2017-06-15 16:31:54,2017-06-15 20:31:54,NULL,2
391,13,333,2017-06-15 16:31:57,2017-06-15 20:31:57,NULL,2
392,13,334,2017-06-15 16:32:01,2017-06-15 20:32:00,NULL,2
393,13,335,2017-06-15 16:32:04,2017-06-15 20:32:03,NULL,2
394,13,336,2017-06-15 16:32:07,2017-06-15 20:32:06,NULL,2
395,13,337,2017-06-15 16:32:10,2017-06-15 20:32:10,NULL,2
396,13,338,2017-06-15 16:32:13,2017-06-15 20:32:13,NULL,2
397,13,339,2017-06-15 16:32:16,2017-06-15 20:32:16,NULL,2
398,13,340,2017-06-15 16:32:20,2017-06-15 20:32:19,NULL,2
399,13,139,2017-06-15 16:32:23,2017-06-15 20:32:22,NULL,2
400,13,341,2017-06-15 16:32:26,2017-06-15 20:32:25,NULL,2
401,13,141,2017-06-15 16:32:29,2017-06-15 20:32:28,NULL,2
402,13,342,2017-06-15 16:32:32,2017-06-15 20:32:31,NULL,2
403,13,343,2017-06-15 16:32:35,2017-06-15 20:32:35,NULL,2
404,13,344,2017-06-15 16:32:38,2017-06-15 20:32:38,NULL,2
405,13,345,2017-06-15 16:32:41,2017-06-15 20:32:41,NULL,2
406,13,346,2017-06-15 16:32:45,2017-06-15 20:32:44,NULL,2
407,13,347,2017-06-15 16:32:48,2017-06-15 20:32:47,NULL,2
408,13,348,2017-06-15 16:32:51,2017-06-15 20:32:50,NULL,2
409,13,349,2017-06-15 16:32:54,2017-06-15 20:32:54,NULL,2
410,13,350,2017-06-15 16:32:57,2017-06-15 20:32:57,NULL,2
411,13,351,2017-06-15 16:33:01,2017-06-15 20:33:00,NULL,2
412,13,352,2017-06-15 16:33:04,2017-06-15 20:33:03,NULL,2
413,13,353,2017-06-15 16:33:07,2017-06-15 20:33:06,NULL,2
414,13,354,2017-06-15 16:33:10,2017-06-15 20:33:10,NULL,2
415,13,355,2017-06-15 16:33:13,2017-06-15 20:33:13,NULL,2
416,13,356,2017-06-15 16:33:16,2017-06-15 20:33:16,NULL,2
417,13,154,2017-06-15 16:33:19,2017-06-15 20:33:19,NULL,2
418,13,357,2017-06-15 16:33:23,2017-06-15 20:33:22,NULL,2
419,13,358,2017-06-15 16:33:26,2017-06-15 20:33:25,NULL,2
420,13,359,2017-06-15 16:33:29,2017-06-15 20:33:28,NULL,2
421,13,159,2017-06-15 16:33:32,2017-06-15 20:33:31,NULL,2
422,13,160,2017-06-15 16:33:35,2017-06-15 20:33:34,NULL,2
423,13,162,2017-06-15 16:33:38,2017-06-15 20:33:37,NULL,2
424,13,163,2017-06-15 16:33:41,2017-06-15 20:33:41,NULL,2
425,13,360,2017-06-15 16:33:44,2017-06-15 20:33:44,NULL,2
426,13,361,2017-06-15 16:33:47,2017-06-15 20:33:47,NULL,2
427,13,362,2017-06-15 16:33:51,2017-06-15 20:33:50,NULL,2
428,13,166,2017-06-15 16:33:54,2017-06-15 20:33:53,NULL,2
429,13,167,2017-06-15 16:33:57,2017-06-15 20:33:56,NULL,2
430,13,363,2017-06-15 16:34:00,2017-06-15 20:33:59,NULL,2
431,13,364,2017-06-15 16:34:03,2017-06-15 20:34:02,NULL,2
432,13,365,2017-06-15 16:34:06,2017-06-15 20:34:06,NULL,2
433,13,366,2017-06-15 16:34:09,2017-06-15 20:34:09,NULL,2
434,13,367,2017-06-15 16:34:12,2017-06-15 20:34:12,NULL,2
435,13,368,2017-06-15 16:34:16,2017-06-15 20:34:15,NULL,2
436,13,200,2017-06-15 16:34:19,2017-06-15 20:34:18,NULL,2
437,13,369,2017-06-15 16:34:22,2017-06-15 20:34:21,NULL,2
438,13,370,2017-06-15 16:34:25,2017-06-15 20:34:24,NULL,2
439,13,371,2017-06-15 16:34:28,2017-06-15 20:34:28,NULL,2
440,13,372,2017-06-15 16:34:31,2017-06-15 20:34:31,NULL,2
441,13,373,2017-06-15 16:34:35,2017-06-15 20:34:34,NULL,2
442,13,374,2017-06-15 16:34:38,2017-06-15 20:34:37,NULL,2
443,13,375,2017-06-15 16:34:41,2017-06-15 20:34:40,NULL,2
444,13,376,2017-06-15 16:34:44,2017-06-15 20:34:44,NULL,2
445,13,377,2017-06-15 16:34:47,2017-06-15 20:34:47,NULL,2
446,13,378,2017-06-15 16:34:50,2017-06-15 20:34:50,NULL,2
447,13,379,2017-06-15 16:34:54,2017-06-15 20:34:53,NULL,2
448,13,380,2017-06-15 16:34:57,2017-06-15 20:34:56,NULL,2
449,13,381,2017-06-15 16:35:00,2017-06-15 20:34:59,NULL,2
450,13,382,2017-06-15 16:35:03,2017-06-15 20:35:03,NULL,2
451,13,383,2017-06-15 16:35:06,2017-06-15 20:35:06,NULL,2
452,13,384,2017-06-15 16:35:09,2017-06-15 20:35:09,NULL,2
453,13,385,2017-06-15 16:35:13,2017-06-15 20:35:12,NULL,2
454,13,386,2017-06-15 16:35:16,2017-06-15 20:35:15,NULL,2
455,13,201,2017-06-15 16:35:19,2017-06-15 20:35:18,NULL,2
456,13,202,2017-06-15 16:35:22,2017-06-15 20:35:21,NULL,2
457,13,387,2017-06-15 16:35:25,2017-06-15 20:35:25,NULL,2
458,13,388,2017-06-15 16:35:28,2017-06-15 20:35:28,NULL,2
459,13,389,2017-06-15 16:35:31,2017-06-15 20:35:31,NULL,2
460,13,390,2017-06-15 16:35:35,2017-06-15 20:35:34,NULL,2
461,13,391,2017-06-15 16:35:38,2017-06-15 20:35:37,NULL,2
462,13,392,2017-06-15 16:35:41,2017-06-15 20:35:40,NULL,2
463,13,393,2017-06-15 16:35:44,2017-06-15 20:35:44,NULL,2
464,13,394,2017-06-15 16:35:47,2017-06-15 20:35:47,NULL,2
465,13,395,2017-06-15 16:35:50,2017-06-15 20:35:50,NULL,2
466,13,396,2017-06-15 16:35:54,2017-06-15 20:35:53,NULL,2
467,13,397,2017-06-15 16:35:57,2017-06-15 20:35:56,NULL,2
468,13,398,2017-06-15 16:36:00,2017-06-15 20:36:00,NULL,2
469,13,399,2017-06-15 16:36:03,2017-06-15 20:36:03,NULL,2
470,13,400,2017-06-15 16:36:06,2017-06-15 20:36:06,NULL,2
471,13,401,2017-06-15 16:36:10,2017-06-15 20:36:09,NULL,2
472,13,185,2017-06-15 16:36:13,2017-06-15 20:36:12,NULL,2
473,13,402,2017-06-15 16:36:16,2017-06-15 20:36:15,NULL,2
474,13,403,2017-06-15 16:36:19,2017-06-15 20:36:18,NULL,2
475,13,404,2017-06-15 16:36:22,2017-06-15 20:36:22,NULL,2
476,13,405,2017-06-15 16:36:25,2017-06-15 20:36:25,NULL,2
477,12,406,2017-06-15 16:36:28,2017-06-15 20:36:28,NULL,2
478,12,407,2017-06-15 16:36:32,2017-06-15 20:36:31,NULL,2
479,12,408,2017-06-15 16:36:35,2017-06-15 20:36:34,NULL,2
480,12,409,2017-06-15 16:36:38,2017-06-15 20:36:37,NULL,2
481,12,410,2017-06-15 16:36:41,2017-06-15 20:36:41,NULL,2
482,12,411,2017-06-15 16:36:44,2017-06-15 20:36:44,NULL,2
483,12,412,2017-06-15 16:36:47,2017-06-15 20:36:47,NULL,2
484,12,413,2017-06-15 16:36:51,2017-06-15 20:36:50,NULL,2
485,12,414,2017-06-15 16:36:54,2017-06-15 20:36:53,NULL,2
486,12,415,2017-06-15 16:36:57,2017-06-15 20:36:56,NULL,2
487,11,416,2017-06-15 16:37:00,2017-06-15 20:37:00,NULL,2
488,11,417,2017-06-15 16:37:03,2017-06-15 20:37:03,NULL,2
489,11,418,2017-06-15 16:37:06,2017-06-15 20:37:06,NULL,2
490,11,419,2017-06-15 16:37:10,2017-06-15 20:37:09,NULL,2
491,11,420,2017-06-15 16:37:13,2017-06-15 20:37:12,NULL,2
492,11,421,2017-06-15 16:37:16,2017-06-15 20:37:15,NULL,2
493,11,422,2017-06-15 16:37:19,2017-06-15 20:37:19,NULL,2
494,11,423,2017-06-15 16:37:22,2017-06-15 20:37:22,NULL,2
495,11,424,2017-06-15 16:37:25,2017-06-15 20:37:25,NULL,2
496,11,425,2017-06-15 16:37:29,2017-06-15 20:37:28,NULL,2
497,11,426,2017-06-15 16:37:32,2017-06-15 20:37:31,NULL,2
498,11,427,2017-06-15 16:37:35,2017-06-15 20:37:34,NULL,2
499,11,428,2017-06-15 16:37:38,2017-06-15 20:37:38,NULL,2
500,11,429,2017-06-15 16:37:41,2017-06-15 20:37:41,NULL,2
501,11,430,2017-06-15 16:37:44,2017-06-15 20:37:44,NULL,2
502,11,431,2017-06-15 16:37:48,2017-06-15 20:37:47,NULL,2
503,11,432,2017-06-15 16:37:51,2017-06-15 20:37:50,NULL,2
504,11,433,2017-06-15 16:37:54,2017-06-15 20:37:53,NULL,2
505,11,434,2017-06-15 16:37:57,2017-06-15 20:37:57,NULL,2
506,11,435,2017-06-15 16:38:00,2017-06-15 20:38:00,NULL,2
507,11,436,2017-06-15 16:38:04,2017-06-15 20:38:03,NULL,2
508,10,437,2017-06-15 16:38:07,2017-06-15 20:38:06,NULL,2
509,10,82,2017-06-15 16:38:10,2017-06-15 20:38:09,NULL,2
510,10,438,2017-06-15 16:38:13,2017-06-15 20:38:12,NULL,2
511,10,439,2017-06-15 16:38:16,2017-06-15 20:38:15,NULL,2
512,10,440,2017-06-15 16:38:19,2017-06-15 20:38:19,NULL,2
513,9,441,2017-06-15 16:38:22,2017-06-15 20:38:22,NULL,2
514,9,442,2017-06-15 16:38:26,2017-06-15 20:38:25,NULL,2
515,8,443,2017-06-15 16:38:29,2017-06-15 20:38:28,NULL,2
516,8,444,2017-06-15 16:38:32,2017-06-15 20:38:31,NULL,2
517,8,445,2017-06-15 16:38:35,2017-06-15 20:38:35,NULL,2
518,8,446,2017-06-15 16:38:38,2017-06-15 20:38:38,NULL,2
519,8,447,2017-06-15 16:38:41,2017-06-15 20:38:41,NULL,2
520,8,448,2017-06-15 16:38:45,2017-06-15 20:38:44,NULL,2
521,8,449,2017-06-15 16:38:48,2017-06-15 20:38:47,NULL,2
522,8,450,2017-06-15 16:38:51,2017-06-15 20:38:50,NULL,2
523,7,451,2017-06-15 16:38:54,2017-06-15 20:38:53,NULL,2
524,7,452,2017-06-15 16:38:57,2017-06-15 20:38:56,NULL,2
525,7,453,2017-06-15 16:39:00,2017-06-15 20:39:00,NULL,2
526,7,454,2017-06-15 16:39:03,2017-06-15 20:39:03,NULL,2
527,6,455,2017-06-15 16:39:06,2017-06-15 20:39:06,NULL,2
528,6,456,2017-06-15 16:39:09,2017-06-15 20:39:09,NULL,2
529,6,457,2017-06-15 16:39:13,2017-06-15 20:39:12,NULL,2
530,6,458,2017-06-15 16:39:16,2017-06-15 20:39:15,NULL,2
531,6,459,2017-06-15 16:39:19,2017-06-15 20:39:18,NULL,2
532,6,460,2017-06-15 16:39:22,2017-06-15 20:39:21,NULL,2
533,6,461,2017-06-15 16:39:25,2017-06-15 20:39:24,NULL,2
534,5,462,2017-06-15 16:39:28,2017-06-15 20:39:28,NULL,2
535,5,463,2017-06-15 16:39:31,2017-06-15 20:39:31,NULL,2
536,5,464,2017-06-15 16:39:34,2017-06-15 20:39:34,NULL,2
537,5,465,2017-06-15 16:39:37,2017-06-15 20:39:37,NULL,2
538,5,218,2017-06-15 16:39:40,2017-06-15 20:39:40,NULL,2
539,5,466,2017-06-15 16:39:43,2017-06-15 20:39:43,NULL,2
540,5,467,2017-06-15 16:39:47,2017-06-15 20:39:46,NULL,2
541,5,468,2017-06-15 16:39:50,2017-06-15 20:39:49,NULL,2
542,5,469,2017-06-15 16:39:53,2017-06-15 20:39:52,NULL,2
543,5,79,2017-06-15 16:39:56,2017-06-15 20:39:55,NULL,2
544,5,470,2017-06-15 16:39:59,2017-06-15 20:39:58,NULL,2
545,5,80,2017-06-15 16:40:02,2017-06-15 20:40:01,NULL,2
546,5,471,2017-06-15 16:40:05,2017-06-15 20:40:04,NULL,2
547,5,472,2017-06-15 16:40:08,2017-06-15 20:40:07,NULL,2
548,5,473,2017-06-15 16:40:11,2017-06-15 20:40:11,NULL,2
549,5,474,2017-06-15 16:40:14,2017-06-15 20:40:14,NULL,2
550,5,475,2017-06-15 16:40:17,2017-06-15 20:40:17,NULL,2
551,5,476,2017-06-15 16:40:20,2017-06-15 20:40:20,NULL,2
552,5,477,2017-06-15 16:40:24,2017-06-15 20:40:23,NULL,2
553,5,478,2017-06-15 16:40:27,2017-06-15 20:40:26,NULL,2
554,5,479,2017-06-15 16:40:30,2017-06-15 20:40:29,NULL,2
555,5,480,2017-06-15 16:40:33,2017-06-15 20:40:33,NULL,2
556,5,481,2017-06-15 16:40:36,2017-06-15 20:40:36,NULL,2
557,5,482,2017-06-15 16:40:39,2017-06-15 20:40:39,NULL,2
558,5,483,2017-06-15 16:40:43,2017-06-15 20:40:42,NULL,2
559,5,484,2017-06-15 16:40:46,2017-06-15 20:40:45,NULL,2
560,5,485,2017-06-15 16:40:49,2017-06-15 20:40:48,NULL,2
561,5,104,2017-06-15 16:40:52,2017-06-15 20:40:51,NULL,2
562,5,105,2017-06-15 16:40:55,2017-06-15 20:40:54,NULL,2
563,5,486,2017-06-15 16:40:58,2017-06-15 20:40:58,NULL,2
564,5,487,2017-06-15 16:41:01,2017-06-15 20:41:01,NULL,2
565,5,488,2017-06-15 16:41:05,2017-06-15 20:41:04,NULL,2
566,5,489,2017-06-15 16:41:08,2017-06-15 20:41:07,NULL,2
567,5,490,2017-06-15 16:41:11,2017-06-15 20:41:10,NULL,2
568,5,491,2017-06-15 16:41:14,2017-06-15 20:41:14,NULL,2
569,5,492,2017-06-15 16:41:17,2017-06-15 20:41:17,NULL,2
570,5,493,2017-06-15 16:41:20,2017-06-15 20:41:20,NULL,2
571,5,494,2017-06-15 16:41:24,2017-06-15 20:41:23,NULL,2
572,5,495,2017-06-15 16:41:27,2017-06-15 20:41:26,NULL,2
573,5,496,2017-06-15 16:41:30,2017-06-15 20:41:29,NULL,2
574,5,125,2017-06-15 16:41:33,2017-06-15 20:41:32,NULL,2
575,5,497,2017-06-15 16:41:36,2017-06-15 20:41:36,NULL,2
576,5,498,2017-06-15 16:41:39,2017-06-15 20:41:39,NULL,2
577,5,127,2017-06-15 16:41:42,2017-06-15 20:41:42,NULL,2
578,5,130,2017-06-15 16:41:46,2017-06-15 20:41:45,NULL,2
579,5,499,2017-06-15 16:41:49,2017-06-15 20:41:48,NULL,2
580,5,500,2017-06-15 16:41:52,2017-06-15 20:41:51,NULL,2
581,5,501,2017-06-15 16:41:55,2017-06-15 20:41:54,NULL,2
582,5,502,2017-06-15 16:41:58,2017-06-15 20:41:58,NULL,2
583,5,503,2017-06-15 16:42:01,2017-06-15 20:42:01,NULL,2
584,5,504,2017-06-15 16:42:04,2017-06-15 20:42:04,NULL,2
585,5,505,2017-06-15 16:42:08,2017-06-15 20:42:07,NULL,2
586,5,506,2017-06-15 16:42:11,2017-06-15 20:42:10,NULL,2
587,5,507,2017-06-15 16:42:14,2017-06-15 20:42:14,NULL,2
588,5,508,2017-06-15 16:42:17,2017-06-15 20:42:17,NULL,2
589,5,150,2017-06-15 16:42:20,2017-06-15 20:42:20,NULL,2
590,5,152,2017-06-15 16:42:23,2017-06-15 20:42:23,NULL,2
591,5,509,2017-06-15 16:42:26,2017-06-15 20:42:26,NULL,2
592,5,153,2017-06-15 16:42:29,2017-06-15 20:42:29,NULL,2
593,5,155,2017-06-15 16:42:32,2017-06-15 20:42:32,NULL,2
594,5,158,2017-06-15 16:42:36,2017-06-15 20:42:35,NULL,2
595,5,510,2017-06-15 16:42:39,2017-06-15 20:42:38,NULL,2
596,5,511,2017-06-15 16:42:42,2017-06-15 20:42:41,NULL,2
597,5,512,2017-06-15 16:42:45,2017-06-15 20:42:45,NULL,2
598,5,513,2017-06-15 16:42:48,2017-06-15 20:42:48,NULL,2
599,5,161,2017-06-15 16:42:51,2017-06-15 20:42:51,NULL,2
600,5,514,2017-06-15 16:42:54,2017-06-15 20:42:54,NULL,2
601,5,176,2017-06-15 16:42:58,2017-06-15 20:42:57,NULL,2
602,5,515,2017-06-15 16:43:01,2017-06-15 20:43:00,NULL,2
603,5,516,2017-06-15 16:43:04,2017-06-15 20:43:03,NULL,2
604,5,177,2017-06-15 16:43:07,2017-06-15 20:43:06,NULL,2
605,5,517,2017-06-15 16:43:10,2017-06-15 20:43:10,NULL,2
606,5,518,2017-06-15 16:43:13,2017-06-15 20:43:13,NULL,2
607,5,182,2017-06-15 16:43:16,2017-06-15 20:43:16,NULL,2
608,5,183,2017-06-15 16:43:19,2017-06-15 20:43:19,NULL,2
609,5,519,2017-06-15 16:43:23,2017-06-15 20:43:22,NULL,2
610,5,520,2017-06-15 16:43:26,2017-06-15 20:43:25,NULL,2
611,5,521,2017-06-15 16:43:29,2017-06-15 20:43:28,NULL,2
612,4,522,2017-06-15 16:43:32,2017-06-15 20:43:32,NULL,2
613,4,523,2017-06-15 16:43:35,2017-06-15 20:43:35,NULL,2
614,4,524,2017-06-15 16:43:39,2017-06-15 20:43:38,NULL,2
615,4,525,2017-06-15 16:43:42,2017-06-15 20:43:41,NULL,2
616,4,526,2017-06-15 16:43:45,2017-06-15 20:43:44,NULL,2
617,4,527,2017-06-15 16:43:48,2017-06-15 20:43:48,NULL,2
618,4,528,2017-06-15 16:43:51,2017-06-15 20:43:51,NULL,2
619,4,529,2017-06-15 16:43:54,2017-06-15 20:43:54,NULL,2
620,4,530,2017-06-15 16:43:58,2017-06-15 20:43:57,NULL,2
621,4,531,2017-06-15 16:44:01,2017-06-15 20:44:00,NULL,2
622,4,532,2017-06-15 16:44:04,2017-06-15 20:44:03,NULL,2
623,4,533,2017-06-15 16:44:07,2017-06-15 20:44:07,NULL,2
624,4,534,2017-06-15 16:44:10,2017-06-15 20:44:10,NULL,2
625,4,535,2017-06-15 16:44:13,2017-06-15 20:44:13,NULL,2
626,4,536,2017-06-15 16:44:17,2017-06-15 20:44:16,NULL,2
627,4,107,2017-06-15 16:44:20,2017-06-15 20:44:19,NULL,2
628,4,537,2017-06-15 16:44:23,2017-06-15 20:44:22,NULL,2
629,4,538,2017-06-15 16:44:26,2017-06-15 20:44:25,NULL,2
630,4,539,2017-06-15 16:44:29,2017-06-15 20:44:29,NULL,2
631,4,540,2017-06-15 16:44:32,2017-06-15 20:44:32,NULL,2
632,4,541,2017-06-15 16:44:36,2017-06-15 20:44:35,NULL,2
633,4,542,2017-06-15 16:44:39,2017-06-15 20:44:38,NULL,2
634,4,543,2017-06-15 16:44:42,2017-06-15 20:44:41,NULL,2
635,4,544,2017-06-15 16:44:45,2017-06-15 20:44:45,NULL,2
636,4,545,2017-06-15 16:44:48,2017-06-15 20:44:48,NULL,2
637,4,546,2017-06-15 16:44:51,2017-06-15 20:44:51,NULL,2
638,4,547,2017-06-15 16:44:55,2017-06-15 20:44:54,NULL,2
639,4,548,2017-06-15 16:44:58,2017-06-15 20:44:57,NULL,2
640,4,549,2017-06-15 16:45:01,2017-06-15 20:45:00,NULL,2
641,4,550,2017-06-15 16:45:04,2017-06-15 20:45:04,NULL,2
642,4,551,2017-06-15 16:45:07,2017-06-15 20:45:07,NULL,2
643,4,552,2017-06-15 16:45:11,2017-06-15 20:45:10,NULL,2
644,4,553,2017-06-15 16:45:14,2017-06-15 20:45:13,NULL,2
645,4,554,2017-06-15 16:45:17,2017-06-15 20:45:16,NULL,2
646,4,555,2017-06-15 16:45:20,2017-06-15 20:45:20,NULL,2
647,4,556,2017-06-15 16:45:23,2017-06-15 20:45:23,NULL,2
648,4,557,2017-06-15 16:45:26,2017-06-15 20:45:26,NULL,2
649,4,558,2017-06-15 16:45:30,2017-06-15 20:45:29,NULL,2
650,4,559,2017-06-15 16:45:33,2017-06-15 20:45:32,NULL,2
651,4,560,2017-06-15 16:45:36,2017-06-15 20:45:35,NULL,2
652,4,561,2017-06-15 16:45:39,2017-06-15 20:45:39,NULL,2
653,4,562,2017-06-15 16:45:43,2017-06-15 20:45:42,NULL,2
654,4,563,2017-06-15 16:45:46,2017-06-15 20:45:46,NULL,2
655,4,564,2017-06-15 16:45:49,2017-06-15 20:45:49,NULL,2
656,4,565,2017-06-15 16:45:52,2017-06-15 20:45:52,NULL,2
657,4,566,2017-06-15 16:45:56,2017-06-15 20:45:55,NULL,2
658,4,567,2017-06-15 16:45:59,2017-06-15 20:45:59,NULL,2
659,4,568,2017-06-15 16:46:03,2017-06-15 20:46:02,NULL,2
660,4,569,2017-06-15 16:46:07,2017-06-15 20:46:07,NULL,2
661,4,570,2017-06-15 16:46:11,2017-06-15 20:46:10,NULL,2
662,4,571,2017-06-15 16:46:14,2017-06-15 20:46:13,NULL,2
663,4,572,2017-06-15 16:46:17,2017-06-15 20:46:16,NULL,2
664,4,573,2017-06-15 16:46:20,2017-06-15 20:46:20,NULL,2
665,4,574,2017-06-15 16:46:23,2017-06-15 20:46:23,NULL,2
666,4,575,2017-06-15 16:46:26,2017-06-15 20:46:26,NULL,2
667,4,576,2017-06-15 16:46:30,2017-06-15 20:46:29,NULL,2
668,4,577,2017-06-15 16:46:33,2017-06-15 20:46:32,NULL,2
669,4,578,2017-06-15 16:46:36,2017-06-15 20:46:36,NULL,2
670,4,579,2017-06-15 16:46:39,2017-06-15 20:46:39,NULL,2
671,4,580,2017-06-15 16:46:42,2017-06-15 20:46:42,NULL,2
672,4,581,2017-06-15 16:46:46,2017-06-15 20:46:45,NULL,2
673,4,582,2017-06-15 16:46:49,2017-06-15 20:46:48,NULL,2
674,4,142,2017-06-15 16:46:52,2017-06-15 20:46:51,NULL,2
675,4,143,2017-06-15 16:46:55,2017-06-15 20:46:54,NULL,2
676,3,470,2017-06-15 16:46:58,2017-06-15 20:46:57,NULL,2
677,3,583,2017-06-15 16:47:01,2017-06-15 20:47:01,NULL,2
678,3,408,2017-06-15 16:47:04,2017-06-15 20:47:04,NULL,2
679,3,192,2017-06-15 16:47:07,2017-06-15 20:47:07,NULL,2
680,3,411,2017-06-15 16:47:10,2017-06-15 20:47:10,NULL,2
681,3,193,2017-06-15 16:47:13,2017-06-15 20:47:13,NULL,2
682,3,194,2017-06-15 16:47:16,2017-06-15 20:47:16,NULL,2
683,3,487,2017-06-15 16:47:19,2017-06-15 20:47:19,NULL,2
684,3,197,2017-06-15 16:47:22,2017-06-15 20:47:22,NULL,2
685,3,584,2017-06-15 16:47:25,2017-06-15 20:47:25,NULL,2
686,3,585,2017-06-15 16:47:29,2017-06-15 20:47:28,NULL,2
687,3,586,2017-06-15 16:47:32,2017-06-15 20:47:31,NULL,2
688,3,587,2017-06-15 16:47:35,2017-06-15 20:47:34,NULL,2
689,3,588,2017-06-15 16:47:38,2017-06-15 20:47:38,NULL,2
690,3,589,2017-06-15 16:47:41,2017-06-15 20:47:41,NULL,2
691,3,199,2017-06-15 16:47:44,2017-06-15 20:47:44,NULL,2
692,3,590,2017-06-15 16:47:47,2017-06-15 20:47:47,NULL,2
693,3,497,2017-06-15 16:47:51,2017-06-15 20:47:50,NULL,2
694,3,498,2017-06-15 16:47:54,2017-06-15 20:47:53,NULL,2
695,3,591,2017-06-15 16:47:57,2017-06-15 20:47:56,NULL,2
696,3,592,2017-06-15 16:48:00,2017-06-15 20:47:59,NULL,2
697,3,593,2017-06-15 16:48:03,2017-06-15 20:48:03,NULL,2
698,3,594,2017-06-15 16:48:06,2017-06-15 20:48:06,NULL,2
699,3,595,2017-06-15 16:48:09,2017-06-15 20:48:09,NULL,2
700,3,596,2017-06-15 16:48:13,2017-06-15 20:48:12,NULL,2
701,3,597,2017-06-15 16:48:16,2017-06-15 20:48:15,NULL,2
702,3,503,2017-06-15 16:48:19,2017-06-15 20:48:18,NULL,2
703,3,504,2017-06-15 16:48:22,2017-06-15 20:48:21,NULL,2
704,3,598,2017-06-15 16:48:25,2017-06-15 20:48:25,NULL,2
705,3,599,2017-06-15 16:48:28,2017-06-15 20:48:28,NULL,2
706,3,357,2017-06-15 16:48:31,2017-06-15 20:48:31,NULL,2
707,3,169,2017-06-15 16:48:34,2017-06-15 20:48:34,NULL,2
708,3,170,2017-06-15 16:48:37,2017-06-15 20:48:37,NULL,2
709,3,171,2017-06-15 16:48:40,2017-06-15 20:48:40,NULL,2
710,3,600,2017-06-15 16:48:43,2017-06-15 20:48:43,NULL,2
711,3,601,2017-06-15 16:48:47,2017-06-15 20:48:46,NULL,2
712,3,602,2017-06-15 16:48:50,2017-06-15 20:48:49,NULL,2
713,2,603,2017-06-15 16:48:53,2017-06-15 20:48:52,NULL,2
714,2,604,2017-06-15 16:48:56,2017-06-15 20:48:56,NULL,2
715,2,86,2017-06-15 16:48:59,2017-06-15 20:48:59,NULL,2
716,2,87,2017-06-15 16:49:02,2017-06-15 20:49:02,NULL,2
717,2,605,2017-06-15 16:49:05,2017-06-15 20:49:05,NULL,2
718,2,89,2017-06-15 16:49:08,2017-06-15 20:49:08,NULL,2
719,2,90,2017-06-15 16:49:11,2017-06-15 20:49:11,NULL,2
720,2,81,2017-06-15 16:49:14,2017-06-15 20:49:14,NULL,2
721,2,583,2017-06-15 16:49:18,2017-06-15 20:49:17,NULL,2
722,2,606,2017-06-15 16:49:21,2017-06-15 20:49:20,NULL,2
723,2,91,2017-06-15 16:49:24,2017-06-15 20:49:23,NULL,2
724,2,92,2017-06-15 16:49:27,2017-06-15 20:49:26,NULL,2
725,2,607,2017-06-15 16:49:30,2017-06-15 20:49:29,NULL,2
726,2,608,2017-06-15 16:49:33,2017-06-15 20:49:32,NULL,2
727,2,192,2017-06-15 16:49:36,2017-06-15 20:49:35,NULL,2
728,2,96,2017-06-15 16:49:39,2017-06-15 20:49:39,NULL,2
729,2,97,2017-06-15 16:49:42,2017-06-15 20:49:42,NULL,2
730,2,609,2017-06-15 16:49:45,2017-06-15 20:49:45,NULL,2
731,2,100,2017-06-15 16:49:48,2017-06-15 20:49:48,NULL,2
732,2,193,2017-06-15 16:49:51,2017-06-15 20:49:51,NULL,2
733,2,194,2017-06-15 16:49:54,2017-06-15 20:49:54,NULL,2
734,2,101,2017-06-15 16:49:57,2017-06-15 20:49:57,NULL,2
735,2,102,2017-06-15 16:50:00,2017-06-15 20:50:00,NULL,2
736,2,610,2017-06-15 16:50:04,2017-06-15 20:50:03,NULL,2
737,2,611,2017-06-15 16:50:07,2017-06-15 20:50:06,NULL,2
738,2,195,2017-06-15 16:50:10,2017-06-15 20:50:09,NULL,2
739,2,196,2017-06-15 16:50:13,2017-06-15 20:50:12,NULL,2
740,2,106,2017-06-15 16:50:16,2017-06-15 20:50:15,NULL,2
741,2,109,2017-06-15 16:50:19,2017-06-15 20:50:18,NULL,2
742,2,612,2017-06-15 16:50:22,2017-06-15 20:50:22,NULL,2
743,2,613,2017-06-15 16:50:25,2017-06-15 20:50:25,NULL,2
744,2,614,2017-06-15 16:50:28,2017-06-15 20:50:28,NULL,2
745,2,111,2017-06-15 16:50:32,2017-06-15 20:50:31,NULL,2
746,2,113,2017-06-15 16:50:35,2017-06-15 20:50:34,NULL,2
747,2,114,2017-06-15 16:50:38,2017-06-15 20:50:37,NULL,2
748,2,584,2017-06-15 16:50:41,2017-06-15 20:50:40,NULL,2
749,2,585,2017-06-15 16:50:44,2017-06-15 20:50:43,NULL,2
750,2,586,2017-06-15 16:50:47,2017-06-15 20:50:46,NULL,2
751,2,587,2017-06-15 16:50:50,2017-06-15 20:50:49,NULL,2
752,2,115,2017-06-15 16:50:53,2017-06-15 20:50:52,NULL,2
753,2,117,2017-06-15 16:50:56,2017-06-15 20:50:55,NULL,2
754,2,118,2017-06-15 16:50:59,2017-06-15 20:50:58,NULL,2
755,2,83,2017-06-15 16:51:02,2017-06-15 20:51:01,NULL,2
756,2,588,2017-06-15 16:51:05,2017-06-15 20:51:04,NULL,2
757,2,615,2017-06-15 16:51:08,2017-06-15 20:51:07,NULL,2
758,2,616,2017-06-15 16:51:11,2017-06-15 20:51:11,NULL,2
759,2,617,2017-06-15 16:51:14,2017-06-15 20:51:14,NULL,2
760,2,618,2017-06-15 16:51:18,2017-06-15 20:51:17,NULL,2
761,2,119,2017-06-15 16:51:21,2017-06-15 20:51:20,NULL,2
762,2,120,2017-06-15 16:51:24,2017-06-15 20:51:23,NULL,2
763,2,121,2017-06-15 16:51:27,2017-06-15 20:51:26,NULL,2
764,2,122,2017-06-15 16:51:30,2017-06-15 20:51:29,NULL,2
765,2,589,2017-06-15 16:51:33,2017-06-15 20:51:32,NULL,2
766,2,199,2017-06-15 16:51:36,2017-06-15 20:51:35,NULL,2
767,2,590,2017-06-15 16:51:39,2017-06-15 20:51:38,NULL,2
768,2,128,2017-06-15 16:51:42,2017-06-15 20:51:41,NULL,2
769,2,129,2017-06-15 16:51:45,2017-06-15 20:51:44,NULL,2
770,2,591,2017-06-15 16:51:48,2017-06-15 20:51:47,NULL,2
771,2,592,2017-06-15 16:51:51,2017-06-15 20:51:50,NULL,2
772,2,133,2017-06-15 16:51:54,2017-06-15 20:51:54,NULL,2
773,2,134,2017-06-15 16:51:57,2017-06-15 20:51:57,NULL,2
774,2,135,2017-06-15 16:52:00,2017-06-15 20:52:00,NULL,2
775,2,593,2017-06-15 16:52:03,2017-06-15 20:52:03,NULL,2
776,2,594,2017-06-15 16:52:06,2017-06-15 20:52:06,NULL,2
777,2,595,2017-06-15 16:52:09,2017-06-15 20:52:09,NULL,2
778,2,596,2017-06-15 16:52:12,2017-06-15 20:52:12,NULL,2
779,2,619,2017-06-15 16:52:15,2017-06-15 20:52:15,NULL,2
780,2,620,2017-06-15 16:52:19,2017-06-15 20:52:18,NULL,2
781,2,621,2017-06-15 16:52:22,2017-06-15 20:52:21,NULL,2
782,2,136,2017-06-15 16:52:25,2017-06-15 20:52:25,NULL,2
783,2,622,2017-06-15 16:52:28,2017-06-15 20:52:28,NULL,2
784,2,623,2017-06-15 16:52:31,2017-06-15 20:52:31,NULL,2
785,2,137,2017-06-15 16:52:35,2017-06-15 20:52:34,NULL,2
786,2,138,2017-06-15 16:52:38,2017-06-15 20:52:37,NULL,2
787,2,597,2017-06-15 16:52:41,2017-06-15 20:52:40,NULL,2
788,2,624,2017-06-15 16:52:44,2017-06-15 20:52:43,NULL,2
789,2,625,2017-06-15 16:52:47,2017-06-15 20:52:46,NULL,2
790,2,626,2017-06-15 16:52:50,2017-06-15 20:52:50,NULL,2
791,2,627,2017-06-15 16:52:53,2017-06-15 20:52:53,NULL,2
792,2,628,2017-06-15 16:52:56,2017-06-15 20:52:56,NULL,2
793,2,629,2017-06-15 16:53:00,2017-06-15 20:52:59,NULL,2
794,2,84,2017-06-15 16:53:03,2017-06-15 20:53:02,NULL,2
795,2,598,2017-06-15 16:53:06,2017-06-15 20:53:05,NULL,2
796,2,85,2017-06-15 16:53:09,2017-06-15 20:53:08,NULL,2
797,2,599,2017-06-15 16:53:12,2017-06-15 20:53:11,NULL,2
798,2,140,2017-06-15 16:53:15,2017-06-15 20:53:14,NULL,2
799,2,630,2017-06-15 16:53:18,2017-06-15 20:53:17,NULL,2
800,2,144,2017-06-15 16:53:21,2017-06-15 20:53:21,NULL,2
801,2,145,2017-06-15 16:53:24,2017-06-15 20:53:24,NULL,2
802,2,146,2017-06-15 16:53:27,2017-06-15 20:53:27,NULL,2
803,2,147,2017-06-15 16:53:30,2017-06-15 20:53:30,NULL,2
804,2,631,2017-06-15 16:53:34,2017-06-15 20:53:33,NULL,2
805,2,632,2017-06-15 16:53:37,2017-06-15 20:53:36,NULL,2
806,2,148,2017-06-15 16:53:40,2017-06-15 20:53:39,NULL,2
807,2,149,2017-06-15 16:53:43,2017-06-15 20:53:42,NULL,2
808,2,151,2017-06-15 16:53:46,2017-06-15 20:53:45,NULL,2
809,2,156,2017-06-15 16:53:49,2017-06-15 20:53:48,NULL,2
810,2,157,2017-06-15 16:53:52,2017-06-15 20:53:51,NULL,2
811,2,633,2017-06-15 16:53:55,2017-06-15 20:53:54,NULL,2
812,2,164,2017-06-15 16:53:58,2017-06-15 20:53:58,NULL,2
813,2,165,2017-06-15 16:54:01,2017-06-15 20:54:01,NULL,2
814,2,168,2017-06-15 16:54:04,2017-06-15 20:54:04,NULL,2
815,2,169,2017-06-15 16:54:07,2017-06-15 20:54:07,NULL,2
816,2,170,2017-06-15 16:54:10,2017-06-15 20:54:10,NULL,2
817,2,171,2017-06-15 16:54:13,2017-06-15 20:54:13,NULL,2
818,2,172,2017-06-15 16:54:16,2017-06-15 20:54:16,NULL,2
819,2,173,2017-06-15 16:54:19,2017-06-15 20:54:19,NULL,2
820,2,634,2017-06-15 16:54:23,2017-06-15 20:54:22,NULL,2
821,2,635,2017-06-15 16:54:26,2017-06-15 20:54:25,NULL,2
822,2,600,2017-06-15 16:54:29,2017-06-15 20:54:28,NULL,2
823,2,178,2017-06-15 16:54:32,2017-06-15 20:54:31,NULL,2
824,2,179,2017-06-15 16:54:35,2017-06-15 20:54:34,NULL,2
825,2,180,2017-06-15 16:54:38,2017-06-15 20:54:37,NULL,2
826,2,181,2017-06-15 16:54:41,2017-06-15 20:54:40,NULL,2
827,2,184,2017-06-15 16:54:44,2017-06-15 20:54:43,NULL,2
828,2,601,2017-06-15 16:54:47,2017-06-15 20:54:46,NULL,2
829,2,602,2017-06-15 16:54:50,2017-06-15 20:54:50,NULL,2
830,2,186,2017-06-15 16:54:53,2017-06-15 20:54:53,NULL,2
831,2,187,2017-06-15 16:54:56,2017-06-15 20:54:56,NULL,2
832,1,636,2017-06-15 16:54:59,2017-06-15 20:54:59,NULL,2
833,1,637,2017-06-15 16:55:02,2017-06-15 20:55:02,NULL,2
834,1,638,2017-06-15 16:55:06,2017-06-15 20:55:05,NULL,2
835,1,639,2017-06-15 16:55:09,2017-06-15 20:55:08,NULL,2
836,1,640,2017-06-15 16:55:12,2017-06-15 20:55:12,NULL,2
837,1,641,2017-06-15 16:55:15,2017-06-15 20:55:15,NULL,2
838,1,642,2017-06-15 16:55:18,2017-06-15 20:55:18,NULL,2
839,1,643,2017-06-15 16:55:22,2017-06-15 20:55:21,NULL,2
840,1,644,2017-06-15 16:55:25,2017-06-15 20:55:24,NULL,2
841,1,645,2017-06-15 16:55:28,2017-06-15 20:55:27,NULL,2
842,1,646,2017-06-15 16:55:31,2017-06-15 20:55:31,NULL,2
843,1,647,2017-06-15 16:55:34,2017-06-15 20:55:34,NULL,2
844,1,648,2017-06-15 16:55:37,2017-06-15 20:55:37,NULL,2
845,1,649,2017-06-15 16:55:41,2017-06-15 20:55:40,NULL,2
846,1,650,2017-06-15 16:55:44,2017-06-15 20:55:43,NULL,2
847,1,651,2017-06-15 16:55:47,2017-06-15 20:55:46,NULL,2
848,1,652,2017-06-15 16:55:50,2017-06-15 20:55:50,NULL,2
849,1,653,2017-06-15 16:55:53,2017-06-15 20:55:53,NULL,2
850,1,654,2017-06-15 16:55:56,2017-06-15 20:55:56,NULL,2
851,1,655,2017-06-15 16:55:59,2017-06-15 20:55:59,NULL,2
852,1,656,2017-06-15 16:56:03,2017-06-15 20:56:02,NULL,2
853,1,657,2017-06-15 16:56:06,2017-06-15 20:56:05,NULL,2
854,1,658,2017-06-15 16:56:09,2017-06-15 20:56:08,NULL,2
855,1,659,2017-06-15 16:56:12,2017-06-15 20:56:11,NULL,2
856,1,660,2017-06-15 16:56:15,2017-06-15 20:56:15,NULL,2
857,1,661,2017-06-15 16:56:18,2017-06-15 20:56:18,NULL,2
858,1,662,2017-06-15 16:56:21,2017-06-15 20:56:21,NULL,2
859,1,663,2017-06-15 16:56:25,2017-06-15 20:56:24,NULL,2
860,1,664,2017-06-15 16:56:28,2017-06-15 20:56:27,NULL,2
861,1,665,2017-06-15 16:56:31,2017-06-15 20:56:30,NULL,2
862,1,666,2017-06-15 16:56:34,2017-06-15 20:56:33,NULL,2
863,1,667,2017-06-15 16:56:37,2017-06-15 20:56:37,NULL,2
864,1,668,2017-06-15 16:56:40,2017-06-15 20:56:40,NULL,2
865,1,669,2017-06-15 16:56:43,2017-06-15 20:56:43,NULL,2
866,1,670,2017-06-15 16:56:46,2017-06-15 20:56:46,NULL,2
867,1,671,2017-06-15 16:56:50,2017-06-15 20:56:49,NULL,2
868,1,672,2017-06-15 16:56:53,2017-06-15 20:56:52,NULL,2
869,1,673,2017-06-15 16:56:56,2017-06-15 20:56:55,NULL,2
870,1,674,2017-06-15 16:56:59,2017-06-15 20:56:58,NULL,2
871,1,675,2017-06-15 16:57:02,2017-06-15 20:57:01,NULL,2
872,1,676,2017-06-15 16:57:05,2017-06-15 20:57:05,NULL,2
873,1,677,2017-06-15 16:57:08,2017-06-15 20:57:08,NULL,2
874,1,678,2017-06-15 16:57:11,2017-06-15 20:57:11,NULL,2
875,1,679,2017-06-15 16:57:15,2017-06-15 20:57:14,NULL,2
876,1,680,2017-06-15 16:57:18,2017-06-15 20:57:17,NULL,2
877,1,681,2017-06-15 16:57:21,2017-06-15 20:57:21,NULL,2
878,1,682,2017-06-15 16:57:24,2017-06-15 20:57:24,NULL,2
879,1,683,2017-06-15 16:57:28,2017-06-15 20:57:27,NULL,2
880,1,684,2017-06-15 16:57:31,2017-06-15 20:57:30,NULL,2
881,1,174,2017-06-15 16:57:34,2017-06-15 20:57:33,NULL,2
882,1,175,2017-06-15 16:57:37,2017-06-15 20:57:36,NULL,2
883,1,685,2017-06-15 16:57:40,2017-06-15 20:57:39,NULL,2
884,1,686,2017-06-15 16:57:43,2017-06-15 20:57:42,NULL,2
885,1,687,2017-06-15 16:57:46,2017-06-15 20:57:45,NULL,2
